{
    "created_time": "2021-01-29T06:46:46Z",
    "files": [
        {
            "attachment_folder": "",
            "attachments": [
            ],
            "created_time": "2021-01-29T06:47:10Z",
            "modified_time": "2021-01-29T07:05:40Z",
            "name": "wifi相关接口.md",
            "tags": [
            ]
        },
        {
            "attachment_folder": "",
            "attachments": [
            ],
            "created_time": "2021-01-29T08:45:53Z",
            "modified_time": "2021-01-29T08:46:11Z",
            "name": "harmony wifi相关API.md",
            "tags": [
            ]
        },
        {
            "attachment_folder": "",
            "attachments": [
            ],
            "created_time": "2021-01-29T10:47:19Z",
            "modified_time": "2021-02-01T08:28:53Z",
            "name": "让鸿蒙WiFi功能更容易使用.md",
            "tags": [
            ]
        }
    ],
    "sub_directories": [
    ],
    "version": "1"
}
